experiment_id,dataset,number_of_data,model,prompt_set,number_of_shots,temperature,max_tokens,batch_size,pad_token,pad_token_id,eos_token,eos_token_id,seed,device,accuracy,average_pvi_for_T,average_pvi_for_F,accuracy_for_pvi<1/5quantile,accuracy_for_pvi>4/5quantile,accuracy_for_pvi<1/2quantile,accuracy_for_pvi>1/2quantile
20230518_005615,cola/raw/in_domain_dev.tsv,527,gpt2,1a,4,0.8,2,None,<|endoftext|>,50256,\n,198,2266,NVIDIA A100-PCIE-40GB,0.5579,0.6705,0.1387,0.2925,0.7524,0.4106,0.7034
20230518_005636,cola/raw/in_domain_dev.tsv,527,gpt2,1a,8,0.8,2,None,<|endoftext|>,50256,\n,198,2266,NVIDIA A100-PCIE-40GB,0.6091,-0.0049,0.0232,0.5849,0.2925,0.6958,0.5212
20230518_005657,multinli/multinli_1.0_dev_matched.txt,9815,gpt2,1a,3,0.8,2,None,<|endoftext|>,50256,\n,198,2266,NVIDIA A100-PCIE-40GB,0.264,1.9682,1.564,0.1096,0.1779,0.2092,0.3187
20230518_010344,multinli/multinli_1.0_dev_matched.txt,9815,gpt2,1a,6,0.8,2,None,<|endoftext|>,50256,\n,198,2266,NVIDIA A100-PCIE-40GB,0.3332,0.3384,-0.3351,0.101,0.6217,0.1575,0.5087
20230518_011031,snli/snli_1.0_test.txt,9824,gpt2,1a,3,0.8,2,None,<|endoftext|>,50256,\n,198,2266,NVIDIA A100-PCIE-40GB,0.3307,1.712,-0.2076,0.0744,0.631,0.1522,0.5097
20230518_011255,cola/raw/in_domain_dev.tsv,527,gpt2,2a,4,0.8,2,None,<|endoftext|>,50256,\n,198,2266,NVIDIA A100-PCIE-40GB,0.575,0.7371,-0.0112,0.2925,0.717,0.4008,0.7481
20230518_011316,cola/raw/in_domain_dev.tsv,527,gpt2,2a,8,0.8,2,None,<|endoftext|>,50256,\n,198,2266,NVIDIA A100-PCIE-40GB,0.5863,0.3899,-0.1645,0.2547,0.8113,0.4259,0.749
20230518_011338,cola/raw/in_domain_dev.tsv,527,gpt2,3a,4,0.8,2,None,<|endoftext|>,50256,\n,198,2266,NVIDIA A100-PCIE-40GB,0.5598,0.3638,0.2488,0.0673,0.6887,0.4106,0.7061
20230518_011359,cola/raw/in_domain_dev.tsv,527,gpt2,3a,8,0.8,2,None,<|endoftext|>,50256,\n,198,2266,NVIDIA A100-PCIE-40GB,0.5996,0.4087,-0.3441,0.1714,0.7925,0.3985,0.7985
20230518_011421,multinli/multinli_1.0_dev_matched.txt,9815,gpt2,2a,3,0.8,2,None,<|endoftext|>,50256,\n,198,2266,NVIDIA A100-PCIE-40GB,0.3091,2.3464,-0.5774,0.0092,0.4556,0.1588,0.4592
20230518_011722,snli/snli_1.0_test.txt,9824,gpt2,1a,6,0.8,2,None,<|endoftext|>,50256,\n,198,2266,NVIDIA A100-PCIE-40GB,0.3354,0.3232,-0.6285,0.0928,0.8101,0.1004,0.5757
20230518_012120,multinli/multinli_1.0_dev_matched.txt,9815,gpt2,2a,6,0.8,2,None,<|endoftext|>,50256,\n,198,2266,NVIDIA A100-PCIE-40GB,0.337,0.4292,-0.7587,0.0809,0.7529,0.1037,0.5703
20230518_012555,cola/raw/in_domain_dev.tsv,527,EleutherAI/gpt-neo-2.7B,1a,4,0.8,2,None,<|endoftext|>,50256,\n,198,2266,NVIDIA A100-PCIE-40GB,0.4801,0.1164,0.1148,0.4528,0.5048,0.4601,0.4981
20230518_012652,cola/raw/in_domain_dev.tsv,527,EleutherAI/gpt-neo-2.7B,1a,8,0.8,2,None,<|endoftext|>,50256,\n,198,2266,NVIDIA A100-PCIE-40GB,0.518,-0.071,-0.0148,0.5472,0.4623,0.5399,0.4943
20230518_012750,multinli/multinli_1.0_dev_matched.txt,9815,EleutherAI/gpt-neo-2.7B,1a,3,0.8,2,None,<|endoftext|>,50256,\n,198,2266,NVIDIA A100-PCIE-40GB,0.3215,0.5564,0.4882,0.2178,0.3099,0.2901,0.3524
20230518_012824,multinli/multinli_1.0_dev_matched.txt,9815,gpt2,3a,3,0.8,2,None,<|endoftext|>,50256,\n,198,2266,NVIDIA A100-PCIE-40GB,0.3447,0.7747,-0.5639,0.0604,0.6636,0.0471,0.6442
20230518_013521,multinli/multinli_1.0_dev_matched.txt,9815,gpt2,3a,6,0.8,2,None,<|endoftext|>,50256,\n,198,2266,NVIDIA A100-PCIE-40GB,0.3349,0.4475,-0.3455,0.1944,0.6854,0.1719,0.4985
20230518_092637,cola/raw/in_domain_dev.tsv,527,EleutherAI/gpt-j-6b,1a,4,0.8,2,None,<|endoftext|>,50256,\n,198,2266,NVIDIA A100-PCIE-40GB,0.5047,0.1354,0.1473,0.4717,0.4811,0.5361,0.4753
20230518_092711,cola/raw/in_domain_dev.tsv,527,EleutherAI/gpt-neo-2.7B,2a,4,0.8,2,None,<|endoftext|>,50256,\n,198,2266,NVIDIA A100-PCIE-40GB,0.4573,0.0509,0.063,0.5472,0.4717,0.4829,0.4351
20230518_092759,cola/raw/in_domain_dev.tsv,527,EleutherAI/gpt-j-6b,1a,8,0.8,2,None,<|endoftext|>,50256,\n,198,2266,NVIDIA A100-PCIE-40GB,0.5066,0.0392,0.0287,0.4151,0.5472,0.4981,0.5133
20230518_092809,cola/raw/in_domain_dev.tsv,527,EleutherAI/gpt-neo-2.7B,2a,8,0.8,2,None,<|endoftext|>,50256,\n,198,2266,NVIDIA A100-PCIE-40GB,0.4782,0.1218,0.1126,0.4811,0.5094,0.4466,0.5133
20230518_092908,cola/raw/in_domain_dev.tsv,527,EleutherAI/gpt-neo-2.7B,3a,4,0.8,2,None,<|endoftext|>,50256,\n,198,2266,NVIDIA A100-PCIE-40GB,0.4839,0.1457,0.0998,0.4057,0.5472,0.4601,0.5095
20230518_092922,multinli/multinli_1.0_dev_matched.txt,9815,EleutherAI/gpt-j-6b,1a,3,0.8,2,None,<|endoftext|>,50256,\n,198,2266,NVIDIA A100-PCIE-40GB,0.3349,0.3824,0.2435,0.2873,0.3963,0.2951,0.3746
20230518_093006,cola/raw/in_domain_dev.tsv,527,EleutherAI/gpt-neo-2.7B,3a,8,0.8,2,None,<|endoftext|>,50256,\n,198,2266,NVIDIA A100-PCIE-40GB,0.4801,-0.0586,-0.1967,0.3774,0.6226,0.4335,0.5247
20230518_093105,multinli/multinli_1.0_dev_matched.txt,9815,EleutherAI/gpt-neo-2.7B,2a,3,0.8,2,None,<|endoftext|>,50256,\n,198,2266,NVIDIA A100-PCIE-40GB,0.3046,0.5478,0.4225,0.229,0.3374,0.2702,0.3386
20230518_094959,multinli/multinli_1.0_dev_matched.txt,9815,EleutherAI/gpt-neo-2.7B,2a,6,0.8,2,None,<|endoftext|>,50256,\n,198,2266,NVIDIA A100-PCIE-40GB,0.3205,0.1432,0.1135,0.342,0.3727,0.3158,0.3253
20230518_095620,multinli/multinli_1.0_dev_matched.txt,9815,EleutherAI/gpt-j-6b,1a,6,0.8,2,None,<|endoftext|>,50256,\n,198,2266,NVIDIA A100-PCIE-40GB,0.3374,0.1837,0.0261,0.2613,0.4473,0.2723,0.4025
20230518_101042,multinli/multinli_1.0_dev_matched.txt,9815,EleutherAI/gpt-neo-2.7B,3a,3,0.8,2,None,<|endoftext|>,50256,\n,198,2266,NVIDIA A100-PCIE-40GB,0.3238,0.7082,0.356,0.1885,0.2938,0.2889,0.3588
20230518_102628,snli/snli_1.0_test.txt,9824,EleutherAI/gpt-j-6b,1a,3,0.8,2,None,<|endoftext|>,50256,\n,198,2266,NVIDIA A100-PCIE-40GB,0.3325,0.1995,0.1327,0.2865,0.3888,0.3033,0.3616
20230518_102925,multinli/multinli_1.0_dev_matched.txt,9815,EleutherAI/gpt-neo-2.7B,3a,6,0.8,2,None,<|endoftext|>,50256,\n,198,2266,NVIDIA A100-PCIE-40GB,0.3183,0.1321,0.2985,0.4354,0.2573,0.3786,0.2581
20230518_105039,snli/snli_1.0_test.txt,9824,EleutherAI/gpt-neo-2.7B,2a,3,0.8,2,None,<|endoftext|>,50256,\n,198,2266,NVIDIA A100-PCIE-40GB,0.329,0.7461,0.3469,0.2021,0.3485,0.2811,0.376
20230518_105211,snli/snli_1.0_test.txt,9824,EleutherAI/gpt-j-6b,1a,6,0.8,2,None,<|endoftext|>,50256,\n,198,2266,NVIDIA A100-PCIE-40GB,0.3366,0.1751,0.1191,0.3125,0.399,0.3198,0.3534
20230518_110909,snli/snli_1.0_test.txt,9824,EleutherAI/gpt-neo-2.7B,2a,6,0.8,2,None,<|endoftext|>,50256,\n,198,2266,NVIDIA A100-PCIE-40GB,0.3219,0.7821,0.6509,0.287,0.3984,0.2865,0.3582
20230518_112353,cola/raw/in_domain_dev.tsv,527,togethercomputer/GPT-JT-6B-v1,1a,4,0.8,2,None,<|endoftext|>,50256,\n,198,2266,NVIDIA A100-PCIE-40GB,0.4744,0.3337,0.3771,0.5189,0.5377,0.4905,0.4563
20230518_112511,cola/raw/in_domain_dev.tsv,527,togethercomputer/GPT-JT-6B-v1,1a,8,0.8,2,None,<|endoftext|>,50256,\n,198,2266,NVIDIA A100-PCIE-40GB,0.5123,-0.0127,-0.1368,0.3491,0.5755,0.4525,0.5703
20230518_112634,multinli/multinli_1.0_dev_matched.txt,9815,togethercomputer/GPT-JT-6B-v1,1a,3,0.8,2,None,<|endoftext|>,50256,\n,198,2266,NVIDIA A100-PCIE-40GB,0.3348,0.2763,0.1693,0.2033,0.3311,0.2912,0.3784
20230518_112902,snli/snli_1.0_test.txt,9824,EleutherAI/gpt-neo-2.7B,3a,3,0.8,2,None,<|endoftext|>,50256,\n,198,2266,NVIDIA A100-PCIE-40GB,0.3277,0.4878,0.5379,0.2394,0.2485,0.3251,0.3297
20230518_114703,snli/snli_1.0_test.txt,9824,EleutherAI/gpt-neo-2.7B,3a,6,0.8,2,None,<|endoftext|>,50256,\n,198,2266,NVIDIA A100-PCIE-40GB,0.3234,0.2639,0.248,0.2629,0.3816,0.2894,0.3574
20230518_115314,multinli/multinli_1.0_dev_matched.txt,9815,togethercomputer/GPT-JT-6B-v1,1a,6,0.8,2,None,<|endoftext|>,50256,\n,198,2266,NVIDIA A100-PCIE-40GB,0.3384,0.1548,0.013,0.1808,0.4799,0.2472,0.4294
20230518_120937,cola/raw/in_domain_dev.tsv,527,EleutherAI/gpt-j-6b,2a,4,0.8,2,None,<|endoftext|>,50256,\n,198,2266,NVIDIA A100-PCIE-40GB,0.5009,0.122,0.1357,0.4623,0.5094,0.5209,0.4791
20230518_121055,cola/raw/in_domain_dev.tsv,527,EleutherAI/gpt-j-6b,2a,8,0.8,2,None,<|endoftext|>,50256,\n,198,2266,NVIDIA A100-PCIE-40GB,0.4991,0.2607,0.2104,0.434,0.5943,0.4411,0.5551
20230518_121217,cola/raw/in_domain_dev.tsv,527,EleutherAI/gpt-j-6b,3a,4,0.8,2,None,<|endoftext|>,50256,\n,198,2266,NVIDIA A100-PCIE-40GB,0.5142,0.0695,0.064,0.4717,0.5472,0.4791,0.5513
20230518_121336,cola/raw/in_domain_dev.tsv,527,EleutherAI/gpt-j-6b,3a,8,0.8,2,None,<|endoftext|>,50256,\n,198,2266,NVIDIA A100-PCIE-40GB,0.4763,-0.0584,-0.0883,0.4528,0.5755,0.4563,0.4981
20230518_121458,multinli/multinli_1.0_dev_matched.txt,9815,EleutherAI/gpt-j-6b,2a,3,0.8,2,None,<|endoftext|>,50256,\n,198,2266,NVIDIA A100-PCIE-40GB,0.3316,0.2652,0.1434,0.2593,0.4137,0.2792,0.3841
20230518_122338,snli/snli_1.0_test.txt,9824,togethercomputer/GPT-JT-6B-v1,1a,3,0.8,2,None,<|endoftext|>,50256,\n,198,2266,NVIDIA A100-PCIE-40GB,0.339,0.1117,0.0879,0.287,0.2453,0.3343,0.3436
20230518_124130,multinli/multinli_1.0_dev_matched.txt,9815,EleutherAI/gpt-j-6b,2a,6,0.8,2,None,<|endoftext|>,50256,\n,198,2266,NVIDIA A100-PCIE-40GB,0.3323,0.1579,0.0434,0.2399,0.4519,0.2698,0.3949
20230518_124919,snli/snli_1.0_test.txt,9824,togethercomputer/GPT-JT-6B-v1,1a,6,0.8,2,None,<|endoftext|>,50256,\n,198,2266,NVIDIA A100-PCIE-40GB,0.3341,0.1586,0.2736,0.372,0.2427,0.3844,0.2838
20230518_131157,multinli/multinli_1.0_dev_matched.txt,9815,EleutherAI/gpt-j-6b,3a,3,0.8,2,None,<|endoftext|>,50256,\n,198,2266,NVIDIA A100-PCIE-40GB,0.3288,0.2878,0.2693,0.3265,0.3556,0.3224,0.3352
20230518_133750,multinli/multinli_1.0_dev_matched.txt,9815,EleutherAI/gpt-j-6b,3a,6,0.8,2,None,<|endoftext|>,50256,\n,198,2266,NVIDIA A100-PCIE-40GB,0.3239,0.1967,0.1248,0.3021,0.406,0.2949,0.3528
20230518_140822,snli/snli_1.0_test.txt,9824,EleutherAI/gpt-j-6b,2a,3,0.8,2,None,<|endoftext|>,50256,\n,198,2266,NVIDIA A100-PCIE-40GB,0.3251,0.3028,0.2749,0.3084,0.3501,0.316,0.3343
20230518_143402,snli/snli_1.0_test.txt,9824,EleutherAI/gpt-j-6b,2a,6,0.8,2,None,<|endoftext|>,50256,\n,198,2266,NVIDIA A100-PCIE-40GB,0.3344,0.2223,0.118,0.3069,0.4132,0.305,0.3638
20230518_150329,snli/snli_1.0_test.txt,9824,EleutherAI/gpt-j-6b,3a,3,0.8,2,None,<|endoftext|>,50256,\n,198,2266,NVIDIA A100-PCIE-40GB,0.3284,0.3332,0.3189,0.3298,0.3476,0.3318,0.3249
20230518_152912,snli/snli_1.0_test.txt,9824,EleutherAI/gpt-j-6b,3a,6,0.8,2,None,<|endoftext|>,50256,\n,198,2266,NVIDIA A100-PCIE-40GB,0.3369,0.1888,0.2485,0.3659,0.2712,0.3687,0.3052
20230518_160054,cola/raw/in_domain_dev.tsv,527,togethercomputer/GPT-JT-6B-v1,2a,4,0.8,2,None,<|endoftext|>,50256,\n,198,2266,NVIDIA A100-PCIE-40GB,0.5275,0.601,0.313,0.3679,0.7358,0.4259,0.6274
20230518_160212,cola/raw/in_domain_dev.tsv,527,togethercomputer/GPT-JT-6B-v1,2a,8,0.8,2,None,<|endoftext|>,50256,\n,198,2266,NVIDIA A100-PCIE-40GB,0.4915,0.046,-0.093,0.3396,0.6038,0.384,0.6008
20230518_160334,cola/raw/in_domain_dev.tsv,527,togethercomputer/GPT-JT-6B-v1,3a,4,0.8,2,None,<|endoftext|>,50256,\n,198,2266,NVIDIA A100-PCIE-40GB,0.5275,0.8132,0.6603,0.4623,0.6887,0.4525,0.6008
20230518_160453,cola/raw/in_domain_dev.tsv,527,togethercomputer/GPT-JT-6B-v1,3a,8,0.8,2,None,<|endoftext|>,50256,\n,198,2266,NVIDIA A100-PCIE-40GB,0.5066,-0.0043,-0.1745,0.4057,0.5755,0.4183,0.5932
20230518_160615,multinli/multinli_1.0_dev_matched.txt,9815,togethercomputer/GPT-JT-6B-v1,2a,3,0.8,2,None,<|endoftext|>,50256,\n,198,2266,NVIDIA A100-PCIE-40GB,0.3396,0.4121,0.27,0.2028,0.3658,0.2796,0.3996
20230518_163233,multinli/multinli_1.0_dev_matched.txt,9815,togethercomputer/GPT-JT-6B-v1,2a,6,0.8,2,None,<|endoftext|>,50256,\n,198,2266,NVIDIA A100-PCIE-40GB,0.3413,0.1951,-0.0149,0.2608,0.5313,0.2529,0.4298
20230518_170255,multinli/multinli_1.0_dev_matched.txt,9815,togethercomputer/GPT-JT-6B-v1,3a,3,0.8,2,None,<|endoftext|>,50256,\n,198,2266,NVIDIA A100-PCIE-40GB,0.3346,0.7357,0.5452,0.2445,0.3087,0.3212,0.3481
20230518_172905,multinli/multinli_1.0_dev_matched.txt,9815,togethercomputer/GPT-JT-6B-v1,3a,6,0.8,2,None,<|endoftext|>,50256,\n,198,2266,NVIDIA A100-PCIE-40GB,0.3387,0.1201,0.0581,0.2206,0.3235,0.3114,0.366
20230518_175955,snli/snli_1.0_test.txt,9824,togethercomputer/GPT-JT-6B-v1,2a,3,0.8,2,None,<|endoftext|>,50256,\n,198,2266,NVIDIA A100-PCIE-40GB,0.3439,0.4034,0.6572,0.4117,0.2025,0.4051,0.2826
20230518_182531,snli/snli_1.0_test.txt,9824,togethercomputer/GPT-JT-6B-v1,2a,6,0.8,2,None,<|endoftext|>,50256,\n,198,2266,NVIDIA A100-PCIE-40GB,0.3421,0.4337,0.5561,0.2651,0.2499,0.3424,0.3418
20230518_184411,multinli/multinli_1.0_dev_matched.txt,9815,EleutherAI/gpt-neo-2.7B,1a,6,0.8,2,None,<|endoftext|>,50256,\n,198,2266,NVIDIA A100-PCIE-40GB,0.3152,0.1097,0.0259,0.2354,0.332,0.2777,0.3531
20230518_185506,snli/snli_1.0_test.txt,9824,togethercomputer/GPT-JT-6B-v1,3a,3,0.8,2,None,<|endoftext|>,50256,\n,198,2266,NVIDIA A100-PCIE-40GB,0.3385,0.1984,0.2698,0.3064,0.284,0.3384,0.3386
20230518_190623,snli/snli_1.0_test.txt,9824,gpt2,2a,3,0.8,2,None,<|endoftext|>,50256,\n,198,2266,NVIDIA A100-PCIE-40GB,0.3247,0.4796,0.4041,0.1511,0.0139,0.3664,0.2828
20230518_191333,snli/snli_1.0_test.txt,9824,gpt2,2a,6,0.8,2,None,<|endoftext|>,50256,\n,198,2266,NVIDIA A100-PCIE-40GB,0.3323,0.3655,-0.3094,0.1571,0.6582,0.1589,0.5063
20230518_192047,snli/snli_1.0_test.txt,9824,togethercomputer/GPT-JT-6B-v1,3a,6,0.8,2,None,<|endoftext|>,50256,\n,198,2266,NVIDIA A100-PCIE-40GB,0.3406,0.1622,0.2586,0.3288,0.2468,0.3667,0.3145
20230518_192053,snli/snli_1.0_test.txt,9824,gpt2,3a,3,0.8,2,None,<|endoftext|>,50256,\n,198,2266,NVIDIA A100-PCIE-40GB,0.1551,1.3226,1.0966,0.1038,0.3209,0.0926,0.2189
20230518_192804,snli/snli_1.0_test.txt,9824,gpt2,3a,6,0.8,2,None,<|endoftext|>,50256,\n,198,2266,NVIDIA A100-PCIE-40GB,0.2542,0.258,-0.0847,0.2542,0.4847,0.1866,0.3238
20230518_194446,snli/snli_1.0_test.txt,9824,EleutherAI/gpt-neo-2.7B,1a,3,0.8,2,None,<|endoftext|>,50256,\n,198,2266,NVIDIA A100-PCIE-40GB,0.3223,0.5152,0.1858,0.2886,0.4608,0.2734,0.3719
20230518_200319,snli/snli_1.0_test.txt,9824,EleutherAI/gpt-neo-2.7B,1a,6,0.8,2,None,<|endoftext|>,50256,\n,198,2266,NVIDIA A100-PCIE-40GB,0.3238,0.0698,0.1169,0.2677,0.2346,0.3385,0.3092
20230518_234239,cola/raw/in_domain_dev.tsv,527,EleutherAI/gpt-neo-1.3B,1a,4,0.8,2,None,<|endoftext|>,50256,\n,198,2266,NVIDIA A100-PCIE-40GB,0.4649,0.2264,0.2778,0.5472,0.5238,0.4677,0.4639
20230518_234318,cola/raw/in_domain_dev.tsv,527,EleutherAI/gpt-neo-1.3B,1a,8,0.8,2,None,<|endoftext|>,50256,\n,198,2266,NVIDIA A100-PCIE-40GB,0.4744,-0.0292,-0.1303,0.4057,0.5283,0.4106,0.542
20230518_234402,multinli/multinli_1.0_dev_matched.txt,9815,EleutherAI/gpt-neo-1.3B,1a,3,0.8,2,None,<|endoftext|>,50256,\n,198,2266,NVIDIA A100-PCIE-40GB,0.3257,0.4871,0.1487,0.1592,0.2974,0.2808,0.3704
20230518_235644,multinli/multinli_1.0_dev_matched.txt,9815,EleutherAI/gpt-neo-1.3B,1a,6,0.8,2,None,<|endoftext|>,50256,\n,198,2266,NVIDIA A100-PCIE-40GB,0.334,0.107,0.1379,0.3403,0.2715,0.3538,0.3146
20230519_001028,snli/snli_1.0_test.txt,9824,EleutherAI/gpt-neo-1.3B,1a,3,0.8,2,None,<|endoftext|>,50256,\n,198,2266,NVIDIA A100-PCIE-40GB,0.3015,0.0627,0.0607,0.3262,0.333,0.3028,0.3003
20230519_002319,snli/snli_1.0_test.txt,9824,EleutherAI/gpt-neo-1.3B,1a,6,0.8,2,None,<|endoftext|>,50256,\n,198,2266,NVIDIA A100-PCIE-40GB,0.3308,0.0457,0.1162,0.3872,0.2314,0.3833,0.2788
20230519_134044,cola/raw/in_domain_dev.tsv,527,EleutherAI/gpt-neo-1.3B,2a,4,0.8,2,None,<|endoftext|>,50256,\n,198,2266,NVIDIA A100-PCIE-40GB,0.4516,0.2065,0.2651,0.5472,0.4808,0.4525,0.4504
20230519_134123,cola/raw/in_domain_dev.tsv,527,EleutherAI/gpt-neo-1.3B,2a,8,0.8,2,None,<|endoftext|>,50256,\n,198,2266,NVIDIA A100-PCIE-40GB,0.4573,0.147,0.2018,0.5714,0.4717,0.4677,0.4462
20230519_134208,cola/raw/in_domain_dev.tsv,527,EleutherAI/gpt-neo-1.3B,3a,4,0.8,2,None,<|endoftext|>,50256,\n,198,2266,NVIDIA A100-PCIE-40GB,0.4687,0.0759,-0.021,0.3491,0.5755,0.4183,0.5171
20230519_134247,cola/raw/in_domain_dev.tsv,527,EleutherAI/gpt-neo-1.3B,3a,8,0.8,2,None,<|endoftext|>,50256,\n,198,2266,NVIDIA A100-PCIE-40GB,0.4554,-0.0326,-0.3143,0.3714,0.6226,0.3946,0.5209
20230519_134327,multinli/multinli_1.0_dev_matched.txt,9815,EleutherAI/gpt-neo-1.3B,2a,3,0.8,2,None,<|endoftext|>,50256,\n,198,2266,NVIDIA A100-PCIE-40GB,0.3113,0.1925,0.1195,0.2411,0.3568,0.2845,0.3386
20230519_135611,multinli/multinli_1.0_dev_matched.txt,9815,EleutherAI/gpt-neo-1.3B,2a,6,0.8,2,None,<|endoftext|>,50256,\n,198,2266,NVIDIA A100-PCIE-40GB,0.3332,0.0597,0.0376,0.2562,0.3816,0.3012,0.3639
20230519_141009,multinli/multinli_1.0_dev_matched.txt,9815,EleutherAI/gpt-neo-1.3B,3a,3,0.8,2,None,<|endoftext|>,50256,\n,198,2266,NVIDIA A100-PCIE-40GB,0.3271,0.82,0.4494,0.206,0.2345,0.2693,0.385
20230519_142339,multinli/multinli_1.0_dev_matched.txt,9815,EleutherAI/gpt-neo-1.3B,3a,6,0.8,2,None,<|endoftext|>,50256,\n,198,2266,NVIDIA A100-PCIE-40GB,0.3357,0.1237,0.1653,0.4112,0.3359,0.38,0.2919
20230519_143812,snli/snli_1.0_test.txt,9824,EleutherAI/gpt-neo-1.3B,2a,3,0.8,2,None,<|endoftext|>,50256,\n,198,2266,NVIDIA A100-PCIE-40GB,0.3263,0.6542,0.5726,0.2584,0.2247,0.3423,0.3103
20230519_145308,snli/snli_1.0_test.txt,9824,EleutherAI/gpt-neo-1.3B,2a,6,0.8,2,None,<|endoftext|>,50256,\n,198,2266,NVIDIA A100-PCIE-40GB,0.3294,0.1684,0.4799,0.4667,0.2028,0.4199,0.239
20230519_150914,snli/snli_1.0_test.txt,9824,EleutherAI/gpt-neo-1.3B,3a,3,0.8,2,None,<|endoftext|>,50256,\n,198,2266,NVIDIA A100-PCIE-40GB,0.3174,0.2768,0.292,0.2865,0.2305,0.3373,0.2975
20230519_152505,snli/snli_1.0_test.txt,9824,EleutherAI/gpt-neo-1.3B,3a,6,0.8,2,None,<|endoftext|>,50256,\n,198,2266,NVIDIA A100-PCIE-40GB,0.3312,0.2171,0.2936,0.327,0.2476,0.3664,0.2955
20230519_223313,boolq/dev.csv,3270,gpt2,1a,2,0.8,2,None,<|endoftext|>,50256,\n,198,2266,NVIDIA A100-PCIE-40GB,0.4046,-0.0071,-0.2553,0.1376,0.6743,0.1738,0.6359
20230519_223530,boolq/dev.csv,3270,gpt2,1a,4,0.8,2,None,<|endoftext|>,50256,\n,198,2266,NVIDIA A100-PCIE-40GB,0.3761,0.0335,-0.6,0.0553,0.7768,0.1625,0.5909
20230519_223805,boolq/dev.csv,3270,gpt2,2a,2,0.8,2,None,<|endoftext|>,50256,\n,198,2266,NVIDIA A100-PCIE-40GB,0.4098,4.4924,3.8811,0.1822,0.7473,0.217,0.6028
20230519_224020,boolq/dev.csv,3270,gpt2,2a,4,0.8,2,None,<|endoftext|>,50256,\n,198,2266,NVIDIA A100-PCIE-40GB,0.4248,0.107,-0.4337,0.1807,0.7824,0.2077,0.6422
20230519_224241,boolq/dev.csv,3270,gpt2,3a,2,0.8,2,None,<|endoftext|>,50256,\n,198,2266,NVIDIA A100-PCIE-40GB,0.4713,0.2081,0.2633,0.5323,0.5229,0.4874,0.454
20230519_224457,boolq/dev.csv,3270,gpt2,3a,4,0.8,2,None,<|endoftext|>,50256,\n,198,2266,NVIDIA A100-PCIE-40GB,0.4633,0.0149,-0.0896,0.3139,0.66,0.3321,0.5945
20230519_224717,rte/dev.csv,277,gpt2,1a,2,0.8,2,None,<|endoftext|>,50256,\n,198,2266,NVIDIA A100-PCIE-40GB,0.4079,4.5533,3.7825,0.125,0.75,0.1667,0.6449
20230519_224729,rte/dev.csv,277,gpt2,1a,4,0.8,2,None,<|endoftext|>,50256,\n,198,2266,NVIDIA A100-PCIE-40GB,0.4404,0.143,-0.1105,0.2143,0.6964,0.2536,0.6232
20230519_224740,rte/dev.csv,277,gpt2,2a,2,0.8,2,None,<|endoftext|>,50256,\n,198,2266,NVIDIA A100-PCIE-40GB,0.4188,4.4648,4.1628,0.2143,0.6182,0.2609,0.5797
20230519_224752,rte/dev.csv,277,gpt2,2a,4,0.8,2,None,<|endoftext|>,50256,\n,198,2266,NVIDIA A100-PCIE-40GB,0.4368,0.1178,-0.1087,0.2727,0.625,0.2609,0.6087
20230519_224803,rte/dev.csv,277,gpt2,3a,2,0.8,2,None,<|endoftext|>,50256,\n,198,2266,NVIDIA A100-PCIE-40GB,0.444,0.238,0.151,0.2857,0.4107,0.413,0.4783
20230519_224814,rte/dev.csv,277,gpt2,3a,4,0.8,2,None,<|endoftext|>,50256,\n,198,2266,NVIDIA A100-PCIE-40GB,0.4477,0.077,-0.1225,0.2679,0.75,0.2609,0.6377
20230519_224826,advice/health_advice_sturctured_abs_annotation_test_folds.csv,4784,gpt2,1a,3,0.8,2,None,<|endoftext|>,50256,\n,198,2266,NVIDIA A100-PCIE-40GB,0.3737,-0.0315,0.1995,0.3004,0.1661,0.3356,0.4117
20230519_225144,advice/health_advice_sturctured_abs_annotation_test_folds.csv,4784,gpt2,1a,6,0.8,2,None,<|endoftext|>,50256,\n,198,2266,NVIDIA A100-PCIE-40GB,0.282,0.9177,0.4568,0.1363,0.6716,0.1651,0.3988
20230519_225506,advice/health_advice_sturctured_abs_annotation_test_folds.csv,4784,gpt2,2a,3,0.8,2,None,<|endoftext|>,50256,\n,198,2266,NVIDIA A100-PCIE-40GB,0.3593,1.6474,1.6009,0.2458,0.4573,0.3005,0.4182
20230519_225823,advice/health_advice_sturctured_abs_annotation_test_folds.csv,4784,gpt2,2a,6,0.8,2,None,<|endoftext|>,50256,\n,198,2266,NVIDIA A100-PCIE-40GB,0.2807,-0.053,-0.3867,0.2099,0.4953,0.2305,0.3305
20230519_230143,advice/health_advice_sturctured_abs_annotation_test_folds.csv,4784,gpt2,3a,3,0.8,2,None,<|endoftext|>,50256,\n,198,2266,NVIDIA A100-PCIE-40GB,0.305,0.2275,0.4253,0.3954,0.2246,0.4288,0.1824
20230519_230501,advice/health_advice_sturctured_abs_annotation_test_folds.csv,4784,gpt2,3a,6,0.8,2,None,<|endoftext|>,50256,\n,198,2266,NVIDIA A100-PCIE-40GB,0.2345,-0.0286,-0.5389,0.0651,0.3728,0.0907,0.3797
20230519_230826,pubmed/pubmed_causal_annotation_test_folds.csv,2446,gpt2,1a,4,0.8,2,None,<|endoftext|>,50256,\n,198,2266,NVIDIA A100-PCIE-40GB,0.3271,0.0333,-0.305,0.0226,0.5389,0.0965,0.5576
20230519_231010,pubmed/pubmed_causal_annotation_test_folds.csv,2446,gpt2,1a,8,0.8,2,None,<|endoftext|>,50256,\n,198,2266,NVIDIA A100-PCIE-40GB,0.267,0.4219,-0.5503,0.127,0.5876,0.1142,0.421
20230519_231030,boolq/dev.csv,3270,EleutherAI/gpt-neo-1.3B,2a,2,0.8,2,None,<|endoftext|>,50256,\n,198,2266,NVIDIA A100-PCIE-40GB,0.4651,0.6457,0.6521,0.4594,0.4257,0.4859,0.4443
20230519_231156,pubmed/pubmed_causal_annotation_test_folds.csv,2446,gpt2,2a,4,0.8,2,None,<|endoftext|>,50256,\n,198,2266,NVIDIA A100-PCIE-40GB,0.2772,0.1026,0.9079,0.5451,0.1575,0.4085,0.1472
20230519_231339,pubmed/pubmed_causal_annotation_test_folds.csv,2446,gpt2,2a,8,0.8,2,None,<|endoftext|>,50256,\n,198,2266,NVIDIA A100-PCIE-40GB,0.2727,0.7474,-0.5624,0.1187,0.6025,0.1179,0.4286
20230519_231503,boolq/dev.csv,3270,EleutherAI/gpt-neo-1.3B,2a,4,0.8,2,None,<|endoftext|>,50256,\n,198,2266,NVIDIA A100-PCIE-40GB,0.4884,0.0223,-0.0391,0.4074,0.559,0.4514,0.5254
20230519_231523,pubmed/pubmed_causal_annotation_test_folds.csv,2446,gpt2,3a,4,0.8,2,None,<|endoftext|>,50256,\n,198,2266,NVIDIA A100-PCIE-40GB,0.2735,0.1144,0.8812,0.5184,0.1575,0.3987,0.1494
20230519_231707,pubmed/pubmed_causal_annotation_test_folds.csv,2446,gpt2,3a,8,0.8,2,None,<|endoftext|>,50256,\n,198,2266,NVIDIA A100-PCIE-40GB,0.2224,0.4315,0.3365,0.2065,0.4218,0.1316,0.3132
20230519_232053,boolq/dev.csv,3270,EleutherAI/gpt-neo-1.3B,3a,2,0.8,2,None,<|endoftext|>,50256,\n,198,2266,NVIDIA A100-PCIE-40GB,0.4266,0.1694,-0.2077,0.298,0.5994,0.3317,0.5205
20230519_232224,boolq/dev.csv,3270,EleutherAI/gpt-neo-1.3B,1a,2,0.8,2,None,<|endoftext|>,50256,\n,198,2266,NVIDIA A100-PCIE-40GB,0.4128,0.3703,-0.5238,0.2062,0.706,0.2515,0.5747
20230519_232531,boolq/dev.csv,3270,EleutherAI/gpt-neo-1.3B,3a,4,0.8,2,None,<|endoftext|>,50256,\n,198,2266,NVIDIA A100-PCIE-40GB,0.4792,0.0997,0.1437,0.5399,0.4754,0.522,0.4364
20230519_232705,boolq/dev.csv,3270,EleutherAI/gpt-neo-1.3B,1a,4,0.8,2,None,<|endoftext|>,50256,\n,198,2266,NVIDIA A100-PCIE-40GB,0.4535,0.0274,-0.0364,0.2638,0.6086,0.3017,0.6065
20230519_233045,rte/dev.csv,277,EleutherAI/gpt-neo-1.3B,2a,2,0.8,2,None,<|endoftext|>,50256,\n,198,2266,NVIDIA A100-PCIE-40GB,0.426,0.7021,0.6165,0.2545,0.5714,0.2971,0.558
20230519_233108,rte/dev.csv,277,EleutherAI/gpt-neo-1.3B,2a,4,0.8,2,None,<|endoftext|>,50256,\n,198,2266,NVIDIA A100-PCIE-40GB,0.426,0.0633,0.2856,0.5357,0.2679,0.558,0.2899
20230519_233132,rte/dev.csv,277,EleutherAI/gpt-neo-1.3B,3a,2,0.8,2,None,<|endoftext|>,50256,\n,198,2266,NVIDIA A100-PCIE-40GB,0.444,0.4021,-0.0939,0.2857,0.625,0.3333,0.558
20230519_233154,rte/dev.csv,277,EleutherAI/gpt-neo-1.3B,3a,4,0.8,2,None,<|endoftext|>,50256,\n,198,2266,NVIDIA A100-PCIE-40GB,0.444,0.0771,0.1066,0.4107,0.4464,0.4891,0.3986
20230519_233219,advice/health_advice_sturctured_abs_annotation_test_folds.csv,4784,EleutherAI/gpt-neo-1.3B,2a,3,0.8,2,None,<|endoftext|>,50256,\n,198,2266,NVIDIA A100-PCIE-40GB,0.2839,0.0626,-0.1237,0.1985,0.306,0.2115,0.3562
20230519_233327,rte/dev.csv,277,EleutherAI/gpt-neo-1.3B,1a,2,0.8,2,None,<|endoftext|>,50256,\n,198,2266,NVIDIA A100-PCIE-40GB,0.426,0.681,0.6461,0.3091,0.5536,0.3577,0.4928
20230519_233350,rte/dev.csv,277,EleutherAI/gpt-neo-1.3B,1a,4,0.8,2,None,<|endoftext|>,50256,\n,198,2266,NVIDIA A100-PCIE-40GB,0.4368,0.0501,-0.0328,0.2407,0.625,0.2754,0.5942
20230519_233413,advice/health_advice_sturctured_abs_annotation_test_folds.csv,4784,EleutherAI/gpt-neo-1.3B,1a,3,0.8,2,None,<|endoftext|>,50256,\n,198,2266,NVIDIA A100-PCIE-40GB,0.2991,0.165,-0.2252,0.2101,0.3204,0.2292,0.3688
20230519_233858,advice/health_advice_sturctured_abs_annotation_test_folds.csv,4784,EleutherAI/gpt-neo-1.3B,2a,6,0.8,2,None,<|endoftext|>,50256,\n,198,2266,NVIDIA A100-PCIE-40GB,0.3326,-0.0647,-0.0231,0.2957,0.2602,0.323,0.3437
20230519_234051,advice/health_advice_sturctured_abs_annotation_test_folds.csv,4784,EleutherAI/gpt-neo-1.3B,1a,6,0.8,2,None,<|endoftext|>,50256,\n,198,2266,NVIDIA A100-PCIE-40GB,0.2912,0.2121,0.1527,0.2006,0.3236,0.2249,0.3582
20230519_234549,advice/health_advice_sturctured_abs_annotation_test_folds.csv,4784,EleutherAI/gpt-neo-1.3B,3a,3,0.8,2,None,<|endoftext|>,50256,\n,198,2266,NVIDIA A100-PCIE-40GB,0.2705,0.0718,-0.487,0.1484,0.3644,0.1577,0.3843
20230519_234741,pubmed/pubmed_causal_annotation_test_folds.csv,2446,EleutherAI/gpt-neo-1.3B,1a,4,0.8,2,None,<|endoftext|>,50256,\n,198,2266,NVIDIA A100-PCIE-40GB,0.2702,0.1378,0.1642,0.2305,0.2188,0.2639,0.2776
20230519_235104,pubmed/pubmed_causal_annotation_test_folds.csv,2446,EleutherAI/gpt-neo-1.3B,1a,8,0.8,2,None,<|endoftext|>,50256,\n,198,2266,NVIDIA A100-PCIE-40GB,0.2494,0.1416,0.0937,0.2177,0.2413,0.2396,0.2592
20230519_235227,advice/health_advice_sturctured_abs_annotation_test_folds.csv,4784,EleutherAI/gpt-neo-1.3B,3a,6,0.8,2,None,<|endoftext|>,50256,\n,198,2266,NVIDIA A100-PCIE-40GB,0.2611,0.0342,-0.0726,0.1634,0.4187,0.1621,0.3601
20230519_235620,boolq/dev.csv,3270,EleutherAI/gpt-neo-2.7B,1a,2,0.8,2,None,<|endoftext|>,50256,\n,198,2266,NVIDIA A100-PCIE-40GB,0.4483,0.0657,-0.1226,0.3063,0.659,0.3317,0.5652
20230519_235914,pubmed/pubmed_causal_annotation_test_folds.csv,2446,EleutherAI/gpt-neo-1.3B,2a,4,0.8,2,None,<|endoftext|>,50256,\n,198,2266,NVIDIA A100-PCIE-40GB,0.2294,-0.0128,-0.1507,0.1564,0.2479,0.1897,0.2692
20230520_000240,pubmed/pubmed_causal_annotation_test_folds.csv,2446,EleutherAI/gpt-neo-1.3B,2a,8,0.8,2,None,<|endoftext|>,50256,\n,198,2266,NVIDIA A100-PCIE-40GB,0.2408,-0.0487,-0.1137,0.1897,0.252,0.2259,0.2555
20230520_000306,boolq/dev.csv,3270,EleutherAI/gpt-neo-2.7B,1a,4,0.8,2,None,<|endoftext|>,50256,\n,198,2266,NVIDIA A100-PCIE-40GB,0.489,0.5311,0.6883,0.5245,0.5299,0.5119,0.4661
20230520_000622,pubmed/pubmed_causal_annotation_test_folds.csv,2446,EleutherAI/gpt-neo-1.3B,3a,4,0.8,2,None,<|endoftext|>,50256,\n,198,2266,NVIDIA A100-PCIE-40GB,0.2212,-0.0178,-0.2004,0.1391,0.2336,0.1756,0.2664
20230520_000944,pubmed/pubmed_causal_annotation_test_folds.csv,2446,EleutherAI/gpt-neo-1.3B,3a,8,0.8,2,None,<|endoftext|>,50256,\n,198,2266,NVIDIA A100-PCIE-40GB,0.2101,-0.063,-0.2881,0.1025,0.3067,0.1336,0.2865
20230520_001238,rte/dev.csv,277,EleutherAI/gpt-neo-2.7B,1a,2,0.8,2,None,<|endoftext|>,50256,\n,198,2266,NVIDIA A100-PCIE-40GB,0.426,2.1079,2.0763,0.375,0.4286,0.3986,0.4493
20230520_001307,rte/dev.csv,277,EleutherAI/gpt-neo-2.7B,1a,4,0.8,2,None,<|endoftext|>,50256,\n,198,2266,NVIDIA A100-PCIE-40GB,0.4404,0.0336,0.0204,0.3929,0.3929,0.413,0.4638
20230520_001340,advice/health_advice_sturctured_abs_annotation_test_folds.csv,4784,EleutherAI/gpt-neo-2.7B,1a,3,0.8,2,None,<|endoftext|>,50256,\n,198,2266,NVIDIA A100-PCIE-40GB,0.2968,0.1579,-0.2828,0.2023,0.4107,0.2263,0.3684
20230520_001455,boolq/dev.csv,3270,EleutherAI/gpt-neo-2.7B,2a,2,0.8,2,None,<|endoftext|>,50256,\n,198,2266,NVIDIA A100-PCIE-40GB,0.478,2.0917,1.8627,0.3846,0.63,0.3985,0.5566
20230520_002050,boolq/dev.csv,3270,EleutherAI/gpt-neo-2.7B,2a,4,0.8,2,None,<|endoftext|>,50256,\n,198,2266,NVIDIA A100-PCIE-40GB,0.4963,0.0135,-0.0443,0.3859,0.5813,0.4525,0.5404
20230520_002226,advice/health_advice_sturctured_abs_annotation_test_folds.csv,4784,EleutherAI/gpt-neo-2.7B,1a,6,0.8,2,None,<|endoftext|>,50256,\n,198,2266,NVIDIA A100-PCIE-40GB,0.3094,0.1472,0.0965,0.2319,0.3351,0.2573,0.3618
20230520_002919,boolq/dev.csv,3270,EleutherAI/gpt-neo-2.7B,3a,2,0.8,2,None,<|endoftext|>,50256,\n,198,2266,NVIDIA A100-PCIE-40GB,0.4596,0.059,-0.0718,0.3729,0.6089,0.3689,0.5514
20230520_003203,pubmed/pubmed_causal_annotation_test_folds.csv,2446,EleutherAI/gpt-neo-2.7B,1a,4,0.8,2,None,<|endoftext|>,50256,\n,198,2266,NVIDIA A100-PCIE-40GB,0.24,0.6541,0.1911,0.1455,0.3264,0.163,0.3164
20230520_003535,boolq/dev.csv,3270,EleutherAI/gpt-neo-2.7B,3a,4,0.8,2,None,<|endoftext|>,50256,\n,198,2266,NVIDIA A100-PCIE-40GB,0.4761,0.4048,0.7238,0.578,0.4343,0.5521,0.3996
20230520_003639,pubmed/pubmed_causal_annotation_test_folds.csv,2446,EleutherAI/gpt-neo-2.7B,1a,8,0.8,2,None,<|endoftext|>,50256,\n,198,2266,NVIDIA A100-PCIE-40GB,0.2461,0.5055,0.0227,0.1619,0.3574,0.1758,0.3164
20230520_004314,rte/dev.csv,277,EleutherAI/gpt-neo-2.7B,2a,2,0.8,2,None,<|endoftext|>,50256,\n,198,2266,NVIDIA A100-PCIE-40GB,0.4368,2.1506,2.0388,0.3273,0.5179,0.3768,0.4928
20230520_004343,rte/dev.csv,277,EleutherAI/gpt-neo-2.7B,2a,4,0.8,2,None,<|endoftext|>,50256,\n,198,2266,NVIDIA A100-PCIE-40GB,0.4404,0.7679,0.5519,0.3571,0.4643,0.3841,0.4928
20230520_004416,rte/dev.csv,277,EleutherAI/gpt-neo-2.7B,3a,2,0.8,2,None,<|endoftext|>,50256,\n,198,2266,NVIDIA A100-PCIE-40GB,0.4657,0.1217,-0.0499,0.3036,0.5714,0.3623,0.5725
20230520_004447,rte/dev.csv,277,EleutherAI/gpt-neo-2.7B,3a,4,0.8,2,None,<|endoftext|>,50256,\n,198,2266,NVIDIA A100-PCIE-40GB,0.4404,0.3829,0.4996,0.4821,0.5,0.4783,0.4058
20230520_004512,boolq/dev.csv,3270,EleutherAI/gpt-j-6b,1a,2,0.8,2,None,<|endoftext|>,50256,\n,198,2266,NVIDIA A100-PCIE-40GB,0.5037,0.0545,0.1046,0.4817,0.4725,0.5266,0.4807
20230520_004530,advice/health_advice_sturctured_abs_annotation_test_folds.csv,4784,EleutherAI/gpt-neo-2.7B,2a,3,0.8,2,None,<|endoftext|>,50256,\n,198,2266,NVIDIA A100-PCIE-40GB,0.2876,0.1698,0.0056,0.2167,0.3473,0.2265,0.3487
20230520_005406,advice/health_advice_sturctured_abs_annotation_test_folds.csv,4784,EleutherAI/gpt-neo-2.7B,2a,6,0.8,2,None,<|endoftext|>,50256,\n,198,2266,NVIDIA A100-PCIE-40GB,0.3338,0.0627,0.0161,0.2806,0.3169,0.3124,0.3554
20230520_005522,boolq/dev.csv,3270,EleutherAI/gpt-j-6b,1a,4,0.8,2,None,<|endoftext|>,50256,\n,198,2266,NVIDIA A100-PCIE-40GB,0.493,0.127,0.0812,0.4297,0.5765,0.444,0.5419
20230520_010330,advice/health_advice_sturctured_abs_annotation_test_folds.csv,4784,EleutherAI/gpt-neo-2.7B,3a,3,0.8,2,None,<|endoftext|>,50256,\n,198,2266,NVIDIA A100-PCIE-40GB,0.2949,0.3591,0.3001,0.4233,0.3298,0.3241,0.2658
20230520_011124,rte/dev.csv,277,EleutherAI/gpt-j-6b,1a,2,0.8,2,None,<|endoftext|>,50256,\n,198,2266,NVIDIA A100-PCIE-40GB,0.4513,0.2871,0.3336,0.5179,0.4464,0.4638,0.4348
20230520_011208,rte/dev.csv,277,EleutherAI/gpt-j-6b,1a,4,0.8,2,None,<|endoftext|>,50256,\n,198,2266,NVIDIA A100-PCIE-40GB,0.4585,0.1405,0.0299,0.4107,0.5536,0.4058,0.5072
20230520_011228,advice/health_advice_sturctured_abs_annotation_test_folds.csv,4784,EleutherAI/gpt-neo-2.7B,3a,6,0.8,2,None,<|endoftext|>,50256,\n,198,2266,NVIDIA A100-PCIE-40GB,0.2439,-0.0391,-0.252,0.1239,0.4726,0.1288,0.3596
20230520_011257,advice/health_advice_sturctured_abs_annotation_test_folds.csv,4784,EleutherAI/gpt-j-6b,1a,3,0.8,2,None,<|endoftext|>,50256,\n,198,2266,NVIDIA A100-PCIE-40GB,0.3052,0.0119,-0.2807,0.2497,0.466,0.2592,0.3512
20230520_012134,pubmed/pubmed_causal_annotation_test_folds.csv,2446,EleutherAI/gpt-neo-2.7B,2a,4,0.8,2,None,<|endoftext|>,50256,\n,198,2266,NVIDIA A100-PCIE-40GB,0.2371,0.1409,0.0675,0.1684,0.2577,0.193,0.2813
20230520_012528,advice/health_advice_sturctured_abs_annotation_test_folds.csv,4784,EleutherAI/gpt-j-6b,1a,6,0.8,2,None,<|endoftext|>,50256,\n,198,2266,NVIDIA A100-PCIE-40GB,0.2786,0.0346,-0.1084,0.2309,0.4159,0.237,0.3202
20230520_012600,pubmed/pubmed_causal_annotation_test_folds.csv,2446,EleutherAI/gpt-neo-2.7B,2a,8,0.8,2,None,<|endoftext|>,50256,\n,198,2266,NVIDIA A100-PCIE-40GB,0.2461,-0.0712,-0.1218,0.1914,0.2428,0.2197,0.2707
20230520_013114,pubmed/pubmed_causal_annotation_test_folds.csv,2446,EleutherAI/gpt-neo-2.7B,3a,4,0.8,2,None,<|endoftext|>,50256,\n,198,2266,NVIDIA A100-PCIE-40GB,0.222,0.1382,-0.032,0.1408,0.2664,0.1586,0.2854
20230520_013546,pubmed/pubmed_causal_annotation_test_folds.csv,2446,EleutherAI/gpt-neo-2.7B,3a,8,0.8,2,None,<|endoftext|>,50256,\n,198,2266,NVIDIA A100-PCIE-40GB,0.2179,-0.0281,-0.1503,0.107,0.2986,0.1415,0.2944
20230520_013947,pubmed/pubmed_causal_annotation_test_folds.csv,2446,EleutherAI/gpt-j-6b,1a,4,0.8,2,None,<|endoftext|>,50256,\n,198,2266,NVIDIA A100-PCIE-40GB,0.2195,0.0219,-0.1831,0.1759,0.2965,0.1856,0.2535
20230520_014414,boolq/dev.csv,3270,EleutherAI/gpt-j-6b,2a,2,0.8,2,None,<|endoftext|>,50256,\n,198,2266,NVIDIA A100-PCIE-40GB,0.5086,0.1602,0.2843,0.5153,0.4098,0.5621,0.455
20230520_014633,pubmed/pubmed_causal_annotation_test_folds.csv,2446,EleutherAI/gpt-j-6b,1a,8,0.8,2,None,<|endoftext|>,50256,\n,198,2266,NVIDIA A100-PCIE-40GB,0.22,-0.0269,-0.2077,0.1718,0.3108,0.1897,0.2502
20230520_015304,boolq/dev.csv,3270,EleutherAI/gpt-j-6b,2a,4,0.8,2,None,<|endoftext|>,50256,\n,198,2266,NVIDIA A100-PCIE-40GB,0.5147,0.0241,0.0452,0.4618,0.4893,0.5315,0.4979
20230520_015712,boolq/dev.csv,3270,togethercomputer/GPT-JT-6B-v1,1a,2,0.8,2,None,<|endoftext|>,50256,\n,198,2266,NVIDIA A100-PCIE-40GB,0.5291,0.0237,0.2074,0.5336,0.4373,0.5908,0.4673
20230520_020542,boolq/dev.csv,3270,EleutherAI/gpt-j-6b,3a,2,0.8,2,None,<|endoftext|>,50256,\n,198,2266,NVIDIA A100-PCIE-40GB,0.5089,0.0533,0.1054,0.4908,0.4725,0.5303,0.4875
20230520_020713,boolq/dev.csv,3270,togethercomputer/GPT-JT-6B-v1,1a,4,0.8,2,None,<|endoftext|>,50256,\n,198,2266,NVIDIA A100-PCIE-40GB,0.5358,0.2128,-0.0493,0.344,0.7187,0.4116,0.6599
20230520_021527,boolq/dev.csv,3270,EleutherAI/gpt-j-6b,3a,4,0.8,2,None,<|endoftext|>,50256,\n,198,2266,NVIDIA A100-PCIE-40GB,0.4939,0.0699,0.0758,0.5138,0.5183,0.5034,0.4844
20230520_022303,rte/dev.csv,277,togethercomputer/GPT-JT-6B-v1,1a,2,0.8,2,None,<|endoftext|>,50256,\n,198,2266,NVIDIA A100-PCIE-40GB,0.4693,0.371,0.3119,0.3571,0.6786,0.4203,0.5145
20230520_022346,rte/dev.csv,277,togethercomputer/GPT-JT-6B-v1,1a,4,0.8,2,None,<|endoftext|>,50256,\n,198,2266,NVIDIA A100-PCIE-40GB,0.4585,0.0335,0.0402,0.4643,0.4107,0.4565,0.4565
20230520_022433,advice/health_advice_sturctured_abs_annotation_test_folds.csv,4784,togethercomputer/GPT-JT-6B-v1,1a,3,0.8,2,None,<|endoftext|>,50256,\n,198,2266,NVIDIA A100-PCIE-40GB,0.3058,0.3013,-0.4651,0.139,0.4389,0.1957,0.416
20230520_022655,rte/dev.csv,277,EleutherAI/gpt-j-6b,2a,2,0.8,2,None,<|endoftext|>,50256,\n,198,2266,NVIDIA A100-PCIE-40GB,0.4404,0.2285,0.3591,0.5,0.3571,0.5217,0.3551
20230520_022739,rte/dev.csv,277,EleutherAI/gpt-j-6b,2a,4,0.8,2,None,<|endoftext|>,50256,\n,198,2266,NVIDIA A100-PCIE-40GB,0.4368,0.0611,0.0899,0.3214,0.3929,0.4855,0.3841
20230520_022828,rte/dev.csv,277,EleutherAI/gpt-j-6b,3a,2,0.8,2,None,<|endoftext|>,50256,\n,198,2266,NVIDIA A100-PCIE-40GB,0.4332,0.0898,0.1798,0.5536,0.375,0.5072,0.3551
20230520_022913,rte/dev.csv,277,EleutherAI/gpt-j-6b,3a,4,0.8,2,None,<|endoftext|>,50256,\n,198,2266,NVIDIA A100-PCIE-40GB,0.4693,0.0434,0.0525,0.5,0.4107,0.4928,0.4493
20230520_023005,advice/health_advice_sturctured_abs_annotation_test_folds.csv,4784,EleutherAI/gpt-j-6b,2a,3,0.8,2,None,<|endoftext|>,50256,\n,198,2266,NVIDIA A100-PCIE-40GB,0.3219,0.1973,0.0676,0.302,0.4242,0.2893,0.3545
20230520_023652,advice/health_advice_sturctured_abs_annotation_test_folds.csv,4784,togethercomputer/GPT-JT-6B-v1,1a,6,0.8,2,None,<|endoftext|>,50256,\n,198,2266,NVIDIA A100-PCIE-40GB,0.2849,0.0555,-0.4821,0.093,0.4744,0.1509,0.4189
20230520_024217,advice/health_advice_sturctured_abs_annotation_test_folds.csv,4784,EleutherAI/gpt-j-6b,2a,6,0.8,2,None,<|endoftext|>,50256,\n,198,2266,NVIDIA A100-PCIE-40GB,0.338,-0.0622,-0.0375,0.3448,0.3333,0.3574,0.3186
20230520_025048,pubmed/pubmed_causal_annotation_test_folds.csv,2446,togethercomputer/GPT-JT-6B-v1,1a,4,0.8,2,None,<|endoftext|>,50256,\n,198,2266,NVIDIA A100-PCIE-40GB,0.1958,0.1137,-0.4923,0.0511,0.3681,0.0842,0.3074
20230520_025602,advice/health_advice_sturctured_abs_annotation_test_folds.csv,4784,EleutherAI/gpt-j-6b,3a,3,0.8,2,None,<|endoftext|>,50256,\n,198,2266,NVIDIA A100-PCIE-40GB,0.2949,0.2061,-0.1042,0.2215,0.4462,0.2471,0.3428
20230520_025718,pubmed/pubmed_causal_annotation_test_folds.csv,2446,togethercomputer/GPT-JT-6B-v1,1a,8,0.8,2,None,<|endoftext|>,50256,\n,198,2266,NVIDIA A100-PCIE-40GB,0.1877,0.6421,-0.6001,0.0634,0.3415,0.0957,0.2796
20230520_030815,advice/health_advice_sturctured_abs_annotation_test_folds.csv,4784,EleutherAI/gpt-j-6b,3a,6,0.8,2,None,<|endoftext|>,50256,\n,198,2266,NVIDIA A100-PCIE-40GB,0.2809,0.1826,0.1718,0.2999,0.3866,0.2584,0.3035
20230520_032146,pubmed/pubmed_causal_annotation_test_folds.csv,2446,EleutherAI/gpt-j-6b,2a,4,0.8,2,None,<|endoftext|>,50256,\n,198,2266,NVIDIA A100-PCIE-40GB,0.2208,0.0708,0.005,0.229,0.2883,0.2069,0.2347
20230520_032810,pubmed/pubmed_causal_annotation_test_folds.csv,2446,EleutherAI/gpt-j-6b,2a,8,0.8,2,None,<|endoftext|>,50256,\n,198,2266,NVIDIA A100-PCIE-40GB,0.242,-0.1132,-0.184,0.2536,0.2802,0.2437,0.2404
20230520_033558,pubmed/pubmed_causal_annotation_test_folds.csv,2446,EleutherAI/gpt-j-6b,3a,4,0.8,2,None,<|endoftext|>,50256,\n,198,2266,NVIDIA A100-PCIE-40GB,0.2277,0.0791,0.044,0.2474,0.2924,0.215,0.2404
20230520_034224,pubmed/pubmed_causal_annotation_test_folds.csv,2446,EleutherAI/gpt-j-6b,3a,8,0.8,2,None,<|endoftext|>,50256,\n,198,2266,NVIDIA A100-PCIE-40GB,0.2089,0.0212,-0.0297,0.2065,0.3252,0.1783,0.2396
20230520_035251,boolq/dev.csv,3270,togethercomputer/GPT-JT-6B-v1,2a,2,0.8,2,None,<|endoftext|>,50256,\n,198,2266,NVIDIA A100-PCIE-40GB,0.492,0.2965,0.2254,0.3379,0.6315,0.4122,0.5719
20230520_040137,boolq/dev.csv,3270,togethercomputer/GPT-JT-6B-v1,2a,4,0.8,2,None,<|endoftext|>,50256,\n,198,2266,NVIDIA A100-PCIE-40GB,0.5321,0.0587,-0.0282,0.3578,0.6988,0.433,0.6312
20230520_041400,boolq/dev.csv,3270,togethercomputer/GPT-JT-6B-v1,3a,2,0.8,2,None,<|endoftext|>,50256,\n,198,2266,NVIDIA A100-PCIE-40GB,0.5064,0.0167,0.1624,0.4924,0.448,0.5401,0.4728
20230520_042328,boolq/dev.csv,3270,togethercomputer/GPT-JT-6B-v1,3a,4,0.8,2,None,<|endoftext|>,50256,\n,198,2266,NVIDIA A100-PCIE-40GB,0.5269,0.1685,0.0058,0.3639,0.6743,0.4318,0.622
20230520_043432,rte/dev.csv,277,togethercomputer/GPT-JT-6B-v1,2a,2,0.8,2,None,<|endoftext|>,50256,\n,198,2266,NVIDIA A100-PCIE-40GB,0.4801,0.3911,0.2435,0.3214,0.75,0.3333,0.6304
20230520_043516,rte/dev.csv,277,togethercomputer/GPT-JT-6B-v1,2a,4,0.8,2,None,<|endoftext|>,50256,\n,198,2266,NVIDIA A100-PCIE-40GB,0.4693,0.3227,0.4635,0.3571,0.4286,0.5145,0.4203
20230520_043604,rte/dev.csv,277,togethercomputer/GPT-JT-6B-v1,3a,2,0.8,2,None,<|endoftext|>,50256,\n,198,2266,NVIDIA A100-PCIE-40GB,0.4621,0.1419,0.3196,0.5357,0.3036,0.529,0.3913
20230520_043650,rte/dev.csv,277,togethercomputer/GPT-JT-6B-v1,3a,4,0.8,2,None,<|endoftext|>,50256,\n,198,2266,NVIDIA A100-PCIE-40GB,0.4513,0.0741,0.0379,0.4286,0.5714,0.4203,0.4855
20230520_043742,advice/health_advice_sturctured_abs_annotation_test_folds.csv,4784,togethercomputer/GPT-JT-6B-v1,2a,3,0.8,2,None,<|endoftext|>,50256,\n,198,2266,NVIDIA A100-PCIE-40GB,0.2834,0.1138,-0.5193,0.116,0.5026,0.1668,0.4001
20230520_044948,advice/health_advice_sturctured_abs_annotation_test_folds.csv,4784,togethercomputer/GPT-JT-6B-v1,2a,6,0.8,2,None,<|endoftext|>,50256,\n,198,2266,NVIDIA A100-PCIE-40GB,0.2993,0.0818,-0.4619,0.1411,0.4702,0.1969,0.4018
20230520_050324,advice/health_advice_sturctured_abs_annotation_test_folds.csv,4784,togethercomputer/GPT-JT-6B-v1,3a,3,0.8,2,None,<|endoftext|>,50256,\n,198,2266,NVIDIA A100-PCIE-40GB,0.2732,0.3464,-0.3945,0.1003,0.4775,0.1442,0.4022
20230520_051535,advice/health_advice_sturctured_abs_annotation_test_folds.csv,4784,togethercomputer/GPT-JT-6B-v1,3a,6,0.8,2,None,<|endoftext|>,50256,\n,198,2266,NVIDIA A100-PCIE-40GB,0.2745,0.1107,-0.1727,0.0982,0.4336,0.1668,0.3821
20230520_052913,pubmed/pubmed_causal_annotation_test_folds.csv,2446,togethercomputer/GPT-JT-6B-v1,2a,4,0.8,2,None,<|endoftext|>,50256,\n,198,2266,NVIDIA A100-PCIE-40GB,0.2339,0.0617,-0.3009,0.0818,0.3129,0.1325,0.3352
20230520_053538,pubmed/pubmed_causal_annotation_test_folds.csv,2446,togethercomputer/GPT-JT-6B-v1,2a,8,0.8,2,None,<|endoftext|>,50256,\n,198,2266,NVIDIA A100-PCIE-40GB,0.2486,-0.0901,-0.3698,0.1186,0.2781,0.1783,0.3189
20230520_054326,pubmed/pubmed_causal_annotation_test_folds.csv,2446,togethercomputer/GPT-JT-6B-v1,3a,4,0.8,2,None,<|endoftext|>,50256,\n,198,2266,NVIDIA A100-PCIE-40GB,0.2028,0.1112,-0.6014,0.047,0.3272,0.085,0.3205
20230520_054954,pubmed/pubmed_causal_annotation_test_folds.csv,2446,togethercomputer/GPT-JT-6B-v1,3a,8,0.8,2,None,<|endoftext|>,50256,\n,198,2266,NVIDIA A100-PCIE-40GB,0.1962,-0.042,-0.6283,0.0552,0.4274,0.0916,0.3009
20230522_202526,multinli/multinli_1.0_dev_matched.txt,9815,chavinlo/alpaca-native,1a,3,0.8,2,None,<unk>,0,</s>,1,2266,NVIDIA GeForce RTX 3090,0.3578,1.198,0.156,0.1698,0.5446,0.2354,0.4806
20230522_223855,multinli/multinli_1.0_dev_matched.txt,9815,chavinlo/alpaca-native,1a,6,0.8,2,None,<unk>,0,</s>,1,2266,NVIDIA GeForce RTX 3090,0.3793,0.2335,-0.4283,0.1341,0.6645,0.2103,0.5484
20230523_001228,multinli/multinli_1.0_dev_matched.txt,9815,chavinlo/alpaca-native,2a,3,0.8,2,None,<unk>,0,</s>,1,2266,NVIDIA GeForce RTX 3090,0.3551,1.0333,0.6935,0.34,0.3368,0.4683,0.2422
20230523_012453,multinli/multinli_1.0_dev_matched.txt,9815,chavinlo/alpaca-native,2a,6,0.8,2,None,<unk>,0,</s>,1,2266,NVIDIA GeForce RTX 3090,0.3803,0.283,-0.3618,0.151,0.6522,0.2352,0.5253
20230523_024410,multinli/multinli_1.0_dev_matched.txt,9815,chavinlo/alpaca-native,3a,3,0.8,2,None,<unk>,0,</s>,1,2266,NVIDIA GeForce RTX 3090,0.3522,1.4465,0.3779,0.1847,0.5105,0.2194,0.4849
20230523_035606,multinli/multinli_1.0_dev_matched.txt,9815,chavinlo/alpaca-native,3a,6,0.8,2,None,<unk>,0,</s>,1,2266,NVIDIA GeForce RTX 3090,0.3819,0.2392,-0.1782,0.2385,0.4825,0.319,0.4451
20230523_153502,multinli/multinli_1.0_dev_matched.txt,9815,chavinlo/alpaca-13b,1a,3,0.8,2,None,<unk>,0,</s>,1,2266,NVIDIA GeForce RTX 3090,0.4195,2.2534,2.4431,0.591,0.527,0.5324,0.307
20230523_171333,multinli/multinli_1.0_dev_matched.txt,9815,chavinlo/alpaca-13b,1a,6,0.8,2,None,<unk>,0,</s>,1,2266,NVIDIA GeForce RTX 3090,0.4417,1.0617,-0.7768,0.0802,0.883,0.1662,0.7172
20230523_190414,multinli/multinli_1.0_dev_matched.txt,9815,chavinlo/alpaca-13b,2a,3,0.8,2,None,<unk>,0,</s>,1,2266,NVIDIA GeForce RTX 3090,0.4344,2.8594,0.6359,0.0711,0.8925,0.1652,0.7036
20230523_124210,cola/raw/in_domain_dev.tsv,527,chavinlo/alpaca-native,1a,4,0.8,2,None,<unk>,0,</s>,1,2266,NVIDIA GeForce RTX 3090,0.5104,0.2029,-0.7146,0.1226,0.8962,0.271,0.7529
20230523_124549,cola/raw/in_domain_dev.tsv,527,chavinlo/alpaca-native,1a,8,0.8,2,None,<unk>,0,</s>,1,2266,NVIDIA GeForce RTX 3090,0.5693,0.0969,-0.3183,0.2642,0.6952,0.416,0.7186
20230523_124943,cola/raw/in_domain_dev.tsv,527,chavinlo/alpaca-native,2a,4,0.8,2,None,<unk>,0,</s>,1,2266,NVIDIA GeForce RTX 3090,0.5218,0.2798,-1.0083,0.1038,0.9434,0.2091,0.8385
20230523_125322,cola/raw/in_domain_dev.tsv,527,chavinlo/alpaca-native,2a,8,0.8,2,None,<unk>,0,</s>,1,2266,NVIDIA GeForce RTX 3090,0.5541,0.2165,-0.6351,0.1509,0.9151,0.308,0.7985
20230523_125713,cola/raw/in_domain_dev.tsv,527,chavinlo/alpaca-native,3a,4,0.8,2,None,<unk>,0,</s>,1,2266,NVIDIA GeForce RTX 3090,0.4915,0.1862,-0.9404,0.1038,0.8679,0.2214,0.7672
20230523_130052,cola/raw/in_domain_dev.tsv,527,chavinlo/alpaca-native,3a,8,0.8,2,None,<unk>,0,</s>,1,2266,NVIDIA GeForce RTX 3090,0.5142,0.1071,-0.6336,0.1887,0.8113,0.3092,0.7176
20230523_204108,multinli/multinli_1.0_dev_matched.txt,9815,chavinlo/alpaca-13b,2a,6,0.8,2,None,<unk>,0,</s>,1,2266,NVIDIA GeForce RTX 3090,0.431,1.159,-0.6935,0.0745,0.8594,0.1655,0.6963
20230523_222949,multinli/multinli_1.0_dev_matched.txt,9815,chavinlo/alpaca-13b,3a,3,0.8,2,None,<unk>,0,</s>,1,2266,NVIDIA GeForce RTX 3090,0.444,1.582,-0.1488,0.0335,0.664,0.2262,0.6618
20230524_000603,multinli/multinli_1.0_dev_matched.txt,9815,chavinlo/alpaca-13b,3a,6,0.8,2,None,<unk>,0,</s>,1,2266,NVIDIA GeForce RTX 3090,0.4421,0.7494,-0.7604,0.053,0.7374,0.2046,0.6797
20230523_051543,snli/snli_1.0_test.txt,9824,chavinlo/alpaca-native,1a,3,0.8,2,None,<unk>,0,</s>,1,2266,NVIDIA GeForce RTX 3090,0.3671,0.6454,-0.062,0.2016,0.49,0.2824,0.4518
20230523_062659,snli/snli_1.0_test.txt,9824,chavinlo/alpaca-native,1a,6,0.8,2,None,<unk>,0,</s>,1,2266,NVIDIA GeForce RTX 3090,0.3858,0.3538,-0.0774,0.2886,0.5173,0.3409,0.4311
20230523_074252,snli/snli_1.0_test.txt,9824,chavinlo/alpaca-native,2a,3,0.8,2,None,<unk>,0,</s>,1,2266,NVIDIA GeForce RTX 3090,0.3659,1.3339,0.5036,0.2108,0.4632,0.259,0.4724
20230523_085353,snli/snli_1.0_test.txt,9824,chavinlo/alpaca-native,2a,6,0.8,2,None,<unk>,0,</s>,1,2266,NVIDIA GeForce RTX 3090,0.3798,0.2229,-0.1047,0.2665,0.3774,0.3938,0.3656
20230523_101128,snli/snli_1.0_test.txt,9824,chavinlo/alpaca-native,3a,3,0.8,2,None,<unk>,0,</s>,1,2266,NVIDIA GeForce RTX 3090,0.3675,0.9634,0.5718,0.2799,0.344,0.3555,0.3797
20230523_112354,snli/snli_1.0_test.txt,9824,chavinlo/alpaca-native,3a,6,0.8,2,None,<unk>,0,</s>,1,2266,NVIDIA GeForce RTX 3090,0.3795,0.3775,-0.245,0.2516,0.57,0.3165,0.4425
20230524_115657,cola/raw/in_domain_dev.tsv,527,chavinlo/alpaca-13b,1a,4,0.8,2,None,<unk>,0,</s>,1,2266,NVIDIA GeForce RTX 3090,0.5674,0.3045,-0.9195,0.0943,0.9151,0.2662,0.8669
20230524_120148,cola/raw/in_domain_dev.tsv,527,chavinlo/alpaca-13b,1a,8,0.8,2,None,<unk>,0,</s>,1,2266,NVIDIA GeForce RTX 3090,0.6129,0.2632,-0.4281,0.2264,0.9327,0.4008,0.8251
20230524_120658,cola/raw/in_domain_dev.tsv,527,chavinlo/alpaca-13b,2a,4,0.8,2,None,<unk>,0,</s>,1,2266,NVIDIA GeForce RTX 3090,0.5389,0.3789,-1.5261,0.0472,0.9712,0.1908,0.8859
20230524_121151,cola/raw/in_domain_dev.tsv,527,chavinlo/alpaca-13b,2a,8,0.8,2,None,<unk>,0,</s>,1,2266,NVIDIA GeForce RTX 3090,0.537,0.1684,-0.8241,0.1509,0.783,0.3042,0.7719
20230524_121659,cola/raw/in_domain_dev.tsv,527,chavinlo/alpaca-13b,3a,4,0.8,2,None,<unk>,0,</s>,1,2266,NVIDIA GeForce RTX 3090,0.5598,1.8195,0.2138,0.0755,0.8868,0.2586,0.8593
20230524_122153,cola/raw/in_domain_dev.tsv,527,chavinlo/alpaca-13b,3a,8,0.8,2,None,<unk>,0,</s>,1,2266,NVIDIA GeForce RTX 3090,0.5598,0.3154,-0.3,0.2264,0.6981,0.4656,0.6489
20230525_105805,boolq/dev.csv,3270,chavinlo/alpaca-13b,1a,2,0.8,2,None,<unk>,0,</s>,1,2266,NVIDIA GeForce RTX 3090,0.3875,1.3163,0.9737,0.2535,0.6102,0.3781,0.3993
20230525_105902,boolq/dev.csv,3270,chavinlo/alpaca-native,1a,2,0.8,2,None,<unk>,0,</s>,1,2266,NVIDIA GeForce RTX 3090,0.3529,0.151,-1.2397,0.0185,0.7831,0.067,0.6389
20230525_112639,boolq/dev.csv,3270,chavinlo/alpaca-native,1a,4,0.8,2,None,<unk>,0,</s>,1,2266,NVIDIA GeForce RTX 3090,0.3609,-0.0005,-1.183,0.0153,0.6477,0.0735,0.6507
20230525_113437,boolq/dev.csv,3270,chavinlo/alpaca-13b,1a,4,0.8,2,None,<unk>,0,</s>,1,2266,NVIDIA GeForce RTX 3090,0.3972,0.9543,0.8267,0.3124,0.5653,0.408,0.3884
20230525_120036,boolq/dev.csv,3270,chavinlo/alpaca-native,2a,2,0.8,2,None,<unk>,0,</s>,1,2266,NVIDIA GeForce RTX 3090,0.4804,2.3576,1.7189,0.1286,0.7014,0.2889,0.6714
20230525_122117,boolq/dev.csv,3270,chavinlo/alpaca-13b,2a,2,0.8,2,None,<unk>,0,</s>,1,2266,NVIDIA GeForce RTX 3090,0.4223,4.5648,4.0831,0.1503,0.6969,0.2691,0.5755
20230525_122642,boolq/dev.csv,3270,chavinlo/alpaca-native,2a,4,0.8,2,None,<unk>,0,</s>,1,2266,NVIDIA GeForce RTX 3090,0.348,0.0599,-1.8506,0.0092,0.853,0.0508,0.6453
20230525_125432,boolq/dev.csv,3270,chavinlo/alpaca-13b,2a,4,0.8,2,None,<unk>,0,</s>,1,2266,NVIDIA GeForce RTX 3090,0.4245,0.3465,-0.0348,0.2569,0.614,0.3755,0.4755
20230525_125914,boolq/dev.csv,3270,chavinlo/alpaca-native,3a,2,0.8,2,None,<unk>,0,</s>,1,2266,NVIDIA GeForce RTX 3090,0.367,0.1303,-0.8385,0.0445,0.7276,0.1144,0.6196
20230525_132615,boolq/dev.csv,3270,chavinlo/alpaca-native,3a,4,0.8,2,None,<unk>,0,</s>,1,2266,NVIDIA GeForce RTX 3090,0.363,0.0098,-1.4167,0.0076,0.7938,0.038,0.6883
20230525_133813,boolq/dev.csv,3270,chavinlo/alpaca-13b,3a,2,0.8,2,None,<unk>,0,</s>,1,2266,NVIDIA GeForce RTX 3090,0.3951,1.283,1.082,0.2859,0.5906,0.3895,0.4027
20230525_135559,rte/dev.csv,277,chavinlo/alpaca-native,1a,2,0.8,2,None,<unk>,0,</s>,1,2266,NVIDIA GeForce RTX 3090,0.4765,2.348,2.2114,0.3036,0.4727,0.4203,0.529
20230525_135809,rte/dev.csv,277,chavinlo/alpaca-native,1a,4,0.8,2,None,<unk>,0,</s>,1,2266,NVIDIA GeForce RTX 3090,0.4368,0.081,-0.2796,0.25,0.6909,0.3333,0.5362
20230525_140026,rte/dev.csv,277,chavinlo/alpaca-native,2a,2,0.8,2,None,<unk>,0,</s>,1,2266,NVIDIA GeForce RTX 3090,0.4838,2.3243,2.2891,0.3571,0.4286,0.4779,0.4855
20230525_140239,rte/dev.csv,277,chavinlo/alpaca-native,2a,4,0.8,2,None,<unk>,0,</s>,1,2266,NVIDIA GeForce RTX 3090,0.4585,-0.0446,-0.2581,0.2364,0.5185,0.3768,0.5401
20230525_140500,rte/dev.csv,277,chavinlo/alpaca-native,3a,2,0.8,2,None,<unk>,0,</s>,1,2266,NVIDIA GeForce RTX 3090,0.4729,0.2951,-0.1466,0.1852,0.6607,0.3623,0.587
20230525_140713,rte/dev.csv,277,chavinlo/alpaca-native,3a,4,0.8,2,None,<unk>,0,</s>,1,2266,NVIDIA GeForce RTX 3090,0.444,-0.0998,-0.3052,0.1636,0.3393,0.4015,0.4928
20230525_141309,boolq/dev.csv,3270,chavinlo/alpaca-13b,3a,4,0.8,2,None,<unk>,0,</s>,1,2266,NVIDIA GeForce RTX 3090,0.4043,0.934,0.9582,0.3406,0.5489,0.417,0.3922
20230525_145159,rte/dev.csv,277,chavinlo/alpaca-13b,1a,2,0.8,2,None,<unk>,0,</s>,1,2266,NVIDIA GeForce RTX 3090,0.4477,4.5548,4.3034,0.1964,0.6415,0.3504,0.5328
20230525_145443,rte/dev.csv,277,chavinlo/alpaca-13b,1a,4,0.8,2,None,<unk>,0,</s>,1,2266,NVIDIA GeForce RTX 3090,0.4368,0.0876,-0.0834,0.2679,0.5,0.4638,0.4161
20230525_145735,rte/dev.csv,277,chavinlo/alpaca-13b,2a,2,0.8,2,None,<unk>,0,</s>,1,2266,NVIDIA GeForce RTX 3090,0.4765,4.5422,4.3728,0.2727,0.6226,0.365,0.5797
20230525_150019,rte/dev.csv,277,chavinlo/alpaca-13b,2a,4,0.8,2,None,<unk>,0,</s>,1,2266,NVIDIA GeForce RTX 3090,0.4729,0.3176,-0.2707,0.25,0.7857,0.3577,0.587
20230525_150319,rte/dev.csv,277,chavinlo/alpaca-13b,3a,2,0.8,2,None,<unk>,0,</s>,1,2266,NVIDIA GeForce RTX 3090,0.4404,1.0431,0.9093,0.2364,0.5536,0.4565,0.4203
20230525_150608,rte/dev.csv,277,chavinlo/alpaca-13b,3a,4,0.8,2,None,<unk>,0,</s>,1,2266,NVIDIA GeForce RTX 3090,0.4477,0.7322,0.7953,0.3455,0.5,0.4855,0.413
20230525_162640,advice/health_advice_sturctured_abs_annotation_test_folds.csv,4784,chavinlo/alpaca-13b,1a,3,0.8,2,None,<unk>,0,</s>,1,2266,NVIDIA GeForce RTX 3090,0.3232,1.3119,1.0341,0.1526,0.3772,0.3478,0.2985
20230525_171117,advice/health_advice_sturctured_abs_annotation_test_folds.csv,4784,chavinlo/alpaca-13b,1a,6,0.8,2,None,<unk>,0,</s>,1,2266,NVIDIA GeForce RTX 3090,0.2577,0.7835,-0.2229,0.0429,0.4389,0.0912,0.4247
20230525_180136,advice/health_advice_sturctured_abs_annotation_test_folds.csv,4784,chavinlo/alpaca-13b,2a,3,0.8,2,None,<unk>,0,</s>,1,2266,NVIDIA GeForce RTX 3090,0.2437,2.1519,2.0039,0.2914,0.395,0.283,0.2044
20230525_184654,advice/health_advice_sturctured_abs_annotation_test_folds.csv,4784,chavinlo/alpaca-13b,2a,6,0.8,2,None,<unk>,0,</s>,1,2266,NVIDIA GeForce RTX 3090,0.2715,1.0728,-0.331,0.0398,0.4247,0.0928,0.45
20230525_193604,advice/health_advice_sturctured_abs_annotation_test_folds.csv,4784,chavinlo/alpaca-13b,3a,3,0.8,2,None,<unk>,0,</s>,1,2266,NVIDIA GeForce RTX 3090,0.2958,1.4333,1.865,0.5266,0.3824,0.3308,0.261
20230525_202151,advice/health_advice_sturctured_abs_annotation_test_folds.csv,4784,chavinlo/alpaca-13b,3a,6,0.8,2,None,<unk>,0,</s>,1,2266,NVIDIA GeForce RTX 3090,0.2552,0.1791,-0.9651,0.0272,0.6019,0.0698,0.4412
20230525_211124,pubmed/pubmed_causal_annotation_test_folds.csv,2446,chavinlo/alpaca-13b,1a,4,0.8,2,None,<unk>,0,</s>,1,2266,NVIDIA GeForce RTX 3090,0.2645,1.8782,1.6077,0.0491,0.134,0.193,0.3361
20230525_213544,pubmed/pubmed_causal_annotation_test_folds.csv,2446,chavinlo/alpaca-13b,1a,8,0.8,2,None,<unk>,0,</s>,1,2266,NVIDIA GeForce RTX 3090,0.2298,3.7544,-1.3012,0.0021,0.589,0.0139,0.4456
20230525_220339,pubmed/pubmed_causal_annotation_test_folds.csv,2446,chavinlo/alpaca-13b,2a,4,0.8,2,None,<unk>,0,</s>,1,2266,NVIDIA GeForce RTX 3090,0.2347,1.9086,1.383,0.0245,0.2127,0.1697,0.3006
20230525_222801,pubmed/pubmed_causal_annotation_test_folds.csv,2446,chavinlo/alpaca-13b,2a,8,0.8,2,None,<unk>,0,</s>,1,2266,NVIDIA GeForce RTX 3090,0.2461,0.2773,-1.7743,0.0041,0.4949,0.0139,0.4783
20230525_225617,pubmed/pubmed_causal_annotation_test_folds.csv,2446,chavinlo/alpaca-13b,3a,4,0.8,2,None,<unk>,0,</s>,1,2266,NVIDIA GeForce RTX 3090,0.2155,1.9366,1.6857,0.1104,0.2372,0.2478,0.1832
20230525_232114,pubmed/pubmed_causal_annotation_test_folds.csv,2446,chavinlo/alpaca-13b,3a,8,0.8,2,None,<unk>,0,</s>,1,2266,NVIDIA GeForce RTX 3090,0.2216,0.8408,-2.1023,0.0041,0.6176,0.0139,0.4293
20230526_154639,advice/health_advice_sturctured_abs_annotation_test_folds.csv,4784,chavinlo/alpaca-native,1a,3,0.8,2,None,<unk>,0,</s>,1,2266,NVIDIA GeForce RTX 3090,0.4055,1.5474,0.8741,0.1055,0.4812,0.2471,0.564
20230526_162126,advice/health_advice_sturctured_abs_annotation_test_folds.csv,4784,chavinlo/alpaca-native,1a,6,0.8,2,None,<unk>,0,</s>,1,2266,NVIDIA GeForce RTX 3090,0.3349,0.3432,-0.7937,0.0366,0.6935,0.1276,0.5423
20230526_165924,advice/health_advice_sturctured_abs_annotation_test_folds.csv,4784,chavinlo/alpaca-native,2a,3,0.8,2,None,<unk>,0,</s>,1,2266,NVIDIA GeForce RTX 3090,0.3089,0.908,-0.0525,0.069,0.5329,0.2713,0.3466
20230526_173440,advice/health_advice_sturctured_abs_annotation_test_folds.csv,4784,chavinlo/alpaca-native,2a,6,0.8,2,None,<unk>,0,</s>,1,2266,NVIDIA GeForce RTX 3090,0.3963,0.3265,-0.3675,0.1087,0.5925,0.2476,0.5448
20230526_181209,advice/health_advice_sturctured_abs_annotation_test_folds.csv,4784,chavinlo/alpaca-native,3a,3,0.8,2,None,<unk>,0,</s>,1,2266,NVIDIA GeForce RTX 3090,0.3413,1.1969,0.0062,0.0376,0.5862,0.2094,0.4732
20230526_184741,advice/health_advice_sturctured_abs_annotation_test_folds.csv,4784,chavinlo/alpaca-native,3a,6,0.8,2,None,<unk>,0,</s>,1,2266,NVIDIA GeForce RTX 3090,0.3995,0.6272,-0.7005,0.0471,0.8433,0.158,0.6409
20230526_192512,pubmed/pubmed_causal_annotation_test_folds.csv,2446,chavinlo/alpaca-native,1a,4,0.8,2,None,<unk>,0,</s>,1,2266,NVIDIA GeForce RTX 3090,0.2363,1.4135,0.4644,0.0409,0.4867,0.1006,0.372
20230526_194351,pubmed/pubmed_causal_annotation_test_folds.csv,2446,chavinlo/alpaca-native,1a,8,0.8,2,None,<unk>,0,</s>,1,2266,NVIDIA GeForce RTX 3090,0.1549,0.9689,-1.4739,0.0102,0.4078,0.0613,0.2486
20230526_200446,pubmed/pubmed_causal_annotation_test_folds.csv,2446,chavinlo/alpaca-native,2a,4,0.8,2,None,<unk>,0,</s>,1,2266,NVIDIA GeForce RTX 3090,0.2089,1.7577,0.1369,0.0554,0.546,0.1243,0.2935
20230526_202327,pubmed/pubmed_causal_annotation_test_folds.csv,2446,chavinlo/alpaca-native,2a,8,0.8,2,None,<unk>,0,</s>,1,2266,NVIDIA GeForce RTX 3090,0.1774,0.4137,-1.5336,0.0061,0.4683,0.0507,0.3042
20230526_204438,pubmed/pubmed_causal_annotation_test_folds.csv,2446,chavinlo/alpaca-native,3a,4,0.8,2,None,<unk>,0,</s>,1,2266,NVIDIA GeForce RTX 3090,0.1631,1.8495,0.0012,0.0491,0.4888,0.0793,0.2469
20230526_210326,pubmed/pubmed_causal_annotation_test_folds.csv,2446,chavinlo/alpaca-native,3a,8,0.8,2,None,<unk>,0,</s>,1,2266,NVIDIA GeForce RTX 3090,0.137,0.3951,-1.7917,0,0.4508,0.0278,0.2455
20230524_015515,snli/snli_1.0_test.txt,9824,chavinlo/alpaca-13b,1a,3,0.8,2,None,<unk>,0,</s>,1,2266,NVIDIA GeForce RTX 3090,0.4215,3.0222,-0.7254,0.031,0.9015,0.0964,0.7466
20230524_033041,snli/snli_1.0_test.txt,9824,chavinlo/alpaca-13b,1a,6,0.8,2,None,<unk>,0,</s>,1,2266,NVIDIA GeForce RTX 3090,0.4263,0.5773,0.5533,0.517,0.5178,0.5749,0.2785
20230524_051309,snli/snli_1.0_test.txt,9824,chavinlo/alpaca-13b,2a,3,0.8,2,None,<unk>,0,</s>,1,2266,NVIDIA GeForce RTX 3090,0.4051,1.3995,-0.224,0.0205,0.5083,0.2344,0.5755
20230524_064812,snli/snli_1.0_test.txt,9824,chavinlo/alpaca-13b,2a,6,0.8,2,None,<unk>,0,</s>,1,2266,NVIDIA GeForce RTX 3090,0.3992,1.5667,0.3603,0.1785,0.8274,0.2207,0.5778
20230524_083545,snli/snli_1.0_test.txt,9824,chavinlo/alpaca-13b,3a,3,0.8,2,None,<unk>,0,</s>,1,2266,NVIDIA GeForce RTX 3090,0.4296,2.1619,2.4277,0.6968,0.501,0.5769,0.2833
20230524_101047,snli/snli_1.0_test.txt,9824,chavinlo/alpaca-13b,3a,6,0.8,2,None,<unk>,0,</s>,1,2266,NVIDIA GeForce RTX 3090,0.4126,0.3962,-0.0401,0.145,0.3825,0.4368,0.3884
20230523_185809,multinli/multinli_1.0_dev_matched.txt,524,text-davinci-003,1a,3,0.8,2,None,None,None,None,None,None,None,0.718,1.6221,-4.1089,0,0.99,0.46,0.976
20230603_143053,multinli/multinli_1.0_dev_matched.txt,530,text-davinci-003,2a,3,0.8,2,None,None,None,None,None,None,None,0.726,2.7387,-2.1929,0,0.9314,0.4941,0.9569
20230603_172803,multinli/multinli_1.0_dev_matched.txt,530,text-davinci-003,3a,3,0.8,2,None,None,None,None,None,None,None,0.7525,3.3498,-4.4871,0,1,0.5039,1
20230603_174802,snli/snli_1.0_test.txt,530,text-davinci-003,1a,3,0.8,2,None,None,None,None,None,None,None,0.6743,2.6058,-3.7648,0,1,0.3487,1
20230603_180529,snli/snli_1.0_test.txt,530,text-davinci-003,2a,3,0.8,2,None,None,None,None,None,None,None,0.6448,3.3581,-5.2298,0,1,0.2934,0.9961
20230603_182226,snli/snli_1.0_test.txt,530,text-davinci-003,3a,3,0.8,2,None,None,None,None,None,None,None,0.6922,1.5715,-5.3187,0,0.9902,0.4392,0.9451
20230619_103043,rte/dev.csv,277,text-davinci-003,1a,2,0.8,2,None,None,None,None,None,None,None,0.704,1.9215,-2.927,0,0.8571,0.4783,0.9275
20230619_104002,rte/dev.csv,277,text-davinci-003,2a,2,0.8,2,None,None,None,None,None,None,None,0.704,1.9384,-3.593,0,0.9464,0.4275,0.9783
20230619_104553,rte/dev.csv,277,text-davinci-003,3a,2,0.8,2,None,None,None,None,None,None,None,0.8123,1.4062,-5.4783,0.125,1,0.6304,0.9928
20230619_113711,cola/raw/in_domain_dev.tsv,527,text-davinci-003,1a,4,0.8,2,None,None,None,None,None,None,None,0.7571,0.698,-8.0898,0,1,0.5133,1
20230619_114622,cola/raw/in_domain_dev.tsv,527,text-davinci-003,2a,4,0.8,2,None,None,None,None,None,None,None,0.6793,0.6844,-8.4761,0,1,0.3574,1
20230619_115533,cola/raw/in_domain_dev.tsv,527,text-davinci-003,3a,4,0.8,2,None,None,None,None,None,None,None,0.7362,2.1095,-6.4839,0,1,0.4791,0.9962